gender,raceethnicity,state,classification,lawenforcementagency,armed
Male,Black,OH,Gunshot,Cincinnati Police Department,Firearm
Male,White,CA,Gunshot,Newark Police Department,Firearm
Male,White,CA,Gunshot,San Diego Police Department,Knife
Male,White,MT,Gunshot,Livingston Police Department,Knife
Male,White,TX,Gunshot,Sweetwater Police Department,Firearm
Male,White,SD,Gunshot,United States Marshal Service,Firearm
Male,Black,NC,Gunshot,Charlotte-Mecklenburg Police Department,Firearm
Male,Black,OK,Gunshot,Oklahoma City Police Department,Firearm
Male,Black,LA,Gunshot,Beauregard Parish Sheriff's Office,Firearm
Male,White,PA,Gunshot,Upper Darby Police Department,Knife
Male,White,WA,Gunshot,Thurston County Sheriff's Office,No
Male,White,CA,Gunshot,Redding Police Department,Firearm
Male,Hispanic/Latino,CA,Gunshot,Ceres Police Department,Other
Male,White,TN,Gunshot,United States Marshal Service,Knife
Male,Black,NC,Gunshot,Charlotte-Mecklenburg Police Department,Firearm
Male,White,IL,Gunshot,Zion Police Department,Non-lethal firearm
Male,Hispanic/Latino,NM,Gunshot,New Mexico State Police,Firearm
Male,White,KY,Gunshot,Owensboro Police Department,Firearm
Male,White,GA,Gunshot,Bartow County Sheriff's Office,Firearm
Male,White,WI,Gunshot,Town of Geneva Police Department,Knife
Male,White,WA,Gunshot,"Cowlitz County Sheriff's Office, Kelso Police Department",Other
Female,White,MD,Gunshot,Maryland State Police,Non-lethal firearm
Male,White,OH,Gunshot,Cincinnati Police Department,Non-lethal firearm
Male,White,CO,Gunshot,Denver Police Department,Firearm
Male,White,CA,Gunshot,San Fernando Police Department,No
Female,White,PA,Gunshot,Pennsylvania state constable,No
Male,White,VA,Gunshot,Norfolk Police Department,Firearm
Male,Native American,AK,Gunshot,Anchorage Police Department,Knife
Male,White,WA,Gunshot,Cle Elum-Roslyn-South Cle Elum Police Department,Firearm
Male,White,TN,Gunshot,Sevier County Sheriff's Office,Firearm
Male,White,IL,Gunshot,Illinois State Police,Firearm
Male,Hispanic/Latino,CA,Gunshot,Los Angeles County Sheriff's Department,Knife
Male,White,WV,Gunshot,West Virginia State Police,Firearm
Male,Black,MI,Gunshot,"Michigan State Police, FBI",Firearm
Female,White,CA,Gunshot,El Cajon Police Department,No
Male,Hispanic/Latino,CA,Gunshot,Los Angeles Police Department,Non-lethal firearm
Male,Black,FL,Gunshot,Palm Beach County Sheriff's Office,Firearm
Male,White,OR,Gunshot,Beaverton Police Department,Non-lethal firearm
Male,White,WV,Gunshot,West Virginia State Police,Vehicle
Male,Hispanic/Latino,CA,Gunshot,Los Angeles Police Department,Knife
Male,White,AL,Gunshot,Rainbow City Police Department,Firearm
Male,Black,MO,Gunshot,St Louis Metropolitan Police Department,Firearm
Male,White,TX,Gunshot,San Antonio Police Department,Firearm
Male,White,UT,Gunshot,Unified Police Department,Firearm
Male,White,FL,Gunshot,Department of Homeland Security,Knife
Male,White,OR,Gunshot,Medford Police Department,Knife
Male,White,AZ,Gunshot,Tucson Police Department,Firearm
Male,White,AZ,Gunshot,Mesa Police Department,No
Male,White,CA,Gunshot,Union City Police Department,Other
Male,White,AZ,Gunshot,Phoenix Police Department,Firearm
Male,White,FL,Gunshot,Orlando Police Department,Non-lethal firearm
Male,White,NC,Gunshot,Iredell County Sheriff's Office,Knife
Male,White,TX,Gunshot,"Forney Police Department, Mesquite Police Department",Firearm
Male,White,GA,Gunshot,Lowndes County Sheriff劌製 Office,Firearm
Male,Hispanic/Latino,CA,Death in custody,Stockton Police Department,No
Male,White,AL,Gunshot,Madison County Sheriff's Office,Firearm
Male,Black,LA,Gunshot,St Landry Parish Sheriff's Office,Firearm
Male,White,TX,Gunshot,Kerrville Police Department,Knife
Male,Black,OK,Gunshot,"Eufaula Police Department, McIntosh County Sheriff's Office, Oklahoma Highway Patrol",Firearm
Male,White,GA,Gunshot,Richmond County Sheriff's Office,Firearm
Female,White,IN,Struck by vehicle,Winona Lake Police Department,No
Male,White,AL,Gunshot,"Clanton Police Department, Chilton County Sheriff's Office",Non-lethal firearm
Male,Hispanic/Latino,NV,Gunshot,Reno Police Department,Knife
Male,White,KS,Death in custody,Saline County Sheriff劌製 Office,No
Male,White,CA,Death in custody,San Bernardino County Sheriff劌製 Department,Knife
Male,White,OR,Gunshot,"Oregon State Police, FBI",Firearm
Female,Black,MI,Gunshot,Dearborn Police Department,Vehicle
Male,Black,TN,Gunshot,Memphis Police Department,Firearm
Male,Hispanic/Latino,GA,Gunshot,Georgia State Patrol,Firearm
Male,White,TX,Gunshot,"Johnson County Sheriff's Office, Texas Department of Public Safety",Firearm
Male,White,AR,Gunshot,Mountain Pine Police Department,Firearm
Male,White,SC,Gunshot,Dillon County Sheriff's Department,Knife
Male,Hispanic/Latino,NM,Gunshot,Santa Fe Police Department,Firearm
Male,Asian/Pacific Islander,TN,Gunshot,Loudon County Sheriff's Office,Non-lethal firearm
Male,White,NE,Gunshot,Omaha Police Department,Firearm
Male,Black,OR,Gunshot,Clackamas County Sheriff's Office,Firearm
Female,Native American,WA,Gunshot,Tacoma Police Department,Vehicle
Male,Black,MA,Gunshot,Lynn Police Department,Firearm
Male,Black,TX,Gunshot,Irving Police Department,Firearm
Female,White,AL,Gunshot,Lee County Sheriff's Office,Vehicle
Male,Hispanic/Latino,CO,Gunshot,Larimer County Sheriff's Office,Other
Male,Hispanic/Latino,GA,Gunshot,"Walker County Sheriff's Office, Catoosa County Sheriff's Office",Firearm
Male,White,TX,Gunshot,Saginaw Police Department,No
Male,White,MO,Gunshot,"Missouri State Highway Patrol, Jackson County Sheriff's Office",Firearm
Male,Black,PA,Gunshot,Port Authority Police Department,Knife
Male,Black,IL,Gunshot,Chicago Police Department,Firearm
Male,Hispanic/Latino,FL,Gunshot,Collier County Sheriff's Office,Knife
Male,White,CA,Gunshot,California Highway Patrol,Firearm
Male,Black,DC,Gunshot,Washington Metropolitan Police Department,Non-lethal firearm
Male,Hispanic/Latino,NM,Gunshot,"Albuquerque Police Department, Bernalillo County Sheriff劌製 Department",Firearm
Male,White,CA,Gunshot,Rancho Cordova Police Department,Knife
Male,Native American,PA,Gunshot,City of Carbondale Police Department,No
Male,White,TX,Struck by vehicle,Bexar County Sheriff's Office,No
Male,Native American,SD,Gunshot,Rosebud Police Department,Unknown
Male,White,FL,Gunshot,Marion County Sheriff's Office,Firearm
Male,Black,AL,Death in custody,Athens Police Department,No
Male,Black,TX,Gunshot,San Antonio Police Department,No
Male,White,OH,Gunshot,Lake County Sheriff's Office,Non-lethal firearm
Male,White,AZ,Gunshot,Mesa Police Department,Knife
Male,White,MO,Gunshot,Independence Police Department,Firearm
Male,Hispanic/Latino,TX,Gunshot,US Border Patrol,Firearm
Male,Asian/Pacific Islander,HI,Gunshot,Hawaii Police Department,Vehicle
Male,White,FL,Gunshot,Escambia County Sheriff's Office,Firearm
Male,White,OR,Gunshot,Seaside Police Department,Firearm
Male,White,NC,Gunshot,Iredell County Sheriff's Office,Firearm
Female,White,LA,Gunshot,Addis Police Department,No
Male,Black,CA,Death in custody,Antioch Police Department,No
Male,White,NJ,Gunshot,Unknown,Knife
Male,Hispanic/Latino,CA,Gunshot,Los Angeles Police Department,Firearm
Male,White,OH,Gunshot,Kenton Police Department,Firearm
Male,White,AR,Gunshot,Lonoke County Sheriff's Office,Other
Male,Black,OH,Gunshot,Columbus Division of Police,Firearm
Male,Black,PA,Gunshot,Chester Police Department,Firearm
Male,Black,TX,Gunshot,Austin Police Department,No
Male,Black,LA,Gunshot,Jefferson Parish Sheriff's Office,Vehicle
Male,Hispanic/Latino,CA,Gunshot,Anaheim Police Department,No
Male,Asian/Pacific Islander,HI,Gunshot,Hawaii Police Department,Firearm
Female,White,NY,Gunshot,Colonie Police Department,No
Male,White,NY,Gunshot,Colonie Police Department,No
Male,White,MD,Gunshot,Harford County Sheriff劌製 Office,Firearm
Male,White,KY,Gunshot,United States Marshals Service,Firearm
Male,White,MN,Gunshot,Roseville Police Department,Knife
Male,White,TX,Gunshot,Texas Department of Public Safety,Firearm
Male,Native American,AK,Gunshot,North Slope Borough Police Department,Firearm
Male,White,CA,Gunshot,Los Angeles County Sheriff's Department,Other
Male,Black,OH,Gunshot,Columbus Division of Police,Other
Male,White,NC,Gunshot,Maiden Police Department,Knife
Male,Black,GA,Gunshot,Clayton County Police Department,Firearm
Male,Black,MA,Gunshot,Boston Police Department,Firearm
Female,Black,NY,Gunshot,Syracuse Police Department,Firearm
Male,White,TX,Gunshot,Fort Worth Police Department,Firearm
Male,White,GA,Struck by vehicle,Fulton County Sheriff's Office,No
Male,Black,TX,Gunshot,Texas Department of Public Safety,No
Male,Black,LA,Gunshot,Baton Rouge Police Department,Firearm
Male,Black,VA,Gunshot,Buckingham County Sheriff's Department,No
Male,Black,IA,Gunshot,Urbandale Police Department,Firearm
Male,Arab-American,CA,Gunshot,Los Angeles Police Department,Knife
Male,Hispanic/Latino,CA,Gunshot,Los Angeles County Sheriff's Department,Firearm
Male,White,FL,Gunshot,Manatee County Sheriff's Office,Knife
Male,White,CA,Gunshot,Orange County Sheriff's Department,Unknown
Male,Hispanic/Latino,NM,Gunshot,"Lea County Sheriff劌製 Office, Jal Police Department",Firearm
Male,Hispanic/Latino,TX,Taser,Donna Police Department,No
Female,White,TX,Struck by vehicle,Van Zandt County Sheriff's Office,No
Male,White,CT,Gunshot,Fairfield Police Department,Knife
Male,White,MO,Gunshot,Republic Police Department,Vehicle
Male,White,AR,Gunshot,Mena Police Department,Firearm
Male,Black,OH,Gunshot,Cincinnati Police Department,Non-lethal firearm
Male,White,GA,Gunshot,Commerce Police Department,Unknown
Male,Hispanic/Latino,CA,Gunshot,Santa Ana Police Department,Unknown
Male,Hispanic/Latino,CA,Gunshot,Santa Ana Police Department,Unknown
Male,Hispanic/Latino,TX,Gunshot,Parker County Sheriff's Office,Firearm
Male,White,CO,Struck by vehicle,Westminster Police Department,No
Male,White,UT,Gunshot,Ogden Police Department,Knife
Male,White,TN,Gunshot,Elizabethton Police Department,Firearm
Male,Hispanic/Latino,WA,Gunshot,"Lakewood Police Department, Pierce County Sheriff's Department, Steilacoom Department of Public Safety",Firearm
Male,White,MS,Gunshot,"Mississippi Bureau of Narcotics, Mississippi Highway Patrol",Firearm
Male,Hispanic/Latino,NM,Gunshot,United States Marshals Service,Firearm
Male,Hispanic/Latino,CA,Gunshot,Anaheim Police Department,Firearm
Female,Black,CA,Gunshot,Inglewood Police Department,Firearm
Male,Black,CA,Gunshot,Inglewood Police Department,Unknown
Male,Black,WA,Gunshot,Seattle Police Department,Firearm
Female,Native American,AZ,Gunshot,Phoenix Police Department,Firearm
Female,Native American,AK,Gunshot,Alaska Department of Public Safety,Firearm
Male,White,CA,Gunshot,Bakersfield Police Department,Knife
Male,White,TX,Gunshot,Mission Police Department,Vehicle
Male,Hispanic/Latino,CO,Gunshot,Denver Police Department,Firearm
Male,White,OH,Gunshot,Fairborn Police Department,Non-lethal firearm
Male,Hispanic/Latino,TX,Gunshot,Harris County Constable's Office,Other
Male,Asian/Pacific Islander,AZ,Gunshot,Phoenix Police Department,Firearm
Male,White,CA,Gunshot,"Manteca Police Department, Stockton Police Department",Firearm
Male,Black,LA,Gunshot,East Baton Rouge Parish Sheriff's Office,Vehicle
Male,White,MO,Gunshot,Blue Springs Police Department,Knife
Male,White,CO,Gunshot,Park County Sheriff's Office,Firearm
Male,Hispanic/Latino,AZ,Gunshot,Phoenix Police Department,Vehicle
Male,Hispanic/Latino,CA,Gunshot,Los Angeles County Sheriff's Department,Vehicle
Male,Black,WI,Gunshot,Walworth County Sheriff's Office,No
Male,White,NE,Taser,Bellevue Police Department,No
Male,White,CO,Gunshot,"Greeley Police Department, LaSalle Police Department",Firearm
Male,Black,AL,Gunshot,Montgomery Police Department,Disputed
Male,White,NV,Gunshot,Lyon County Sheriff's Office,Firearm
Male,Black,KS,Gunshot,Hesston Police Department,Firearm
Male,White,SD,Gunshot,Pennington County Sheriff's Office,No
Male,Black,VA,Gunshot,Roanoke County Police Department,Non-lethal firearm
Male,Hispanic/Latino,TX,Gunshot,Wilson County Sheriff's Office,Firearm
Male,White,AL,Gunshot,Ashville Police Department,Firearm
Male,White,SD,Gunshot,Rapid City Police Department,Firearm
Male,Black,NC,Gunshot,Raleigh Police Department,Firearm
Male,Hispanic/Latino,FL,Gunshot,Palm Bay Police Department,Firearm
Male,Hispanic/Latino,TX,Gunshot,Euless Police Department,Firearm
Male,White,MS,Gunshot,Gautier Police Department,Firearm
Male,White,OK,Gunshot,Okmulgee County Sheriff's Office,Firearm
Male,White,MD,Gunshot,Harford County Sheriff's Office,No
Male,White,PA,Gunshot,Johnstown Police Department,Knife
Male,Hispanic/Latino,AZ,Gunshot,Mesa Police Department,Knife
Male,White,NC,Taser,Kenly Police Department,No
Male,White,KY,Gunshot,Laurel County Constable's Office,No
Male,White,NY,Gunshot,Cheektowaga Police Department,Firearm
Male,White,TX,Gunshot,Beaumont Police Department,Firearm
Male,White,AR,Gunshot,Montgomery County Sheriff's Office,Unknown
Male,Hispanic/Latino,CA,Gunshot,South Gate Police Department,Firearm
Male,White,ND,Gunshot,Bismarck Police Department,No
Male,White,TX,Gunshot,Azle Police Department,Firearm
Male,White,NY,Gunshot,Rochester Police Department,Firearm
Male,White,KS,Gunshot,United States Marshals Service,Unknown
Male,White,CA,Gunshot,San Jose Police Department,Knife
Male,White,MT,Gunshot,Carbon County Sheriff's Office,Firearm
Male,Hispanic/Latino,NM,Gunshot,"Carlsbad Police Department, Eddy County Sheriff's Office",No
Male,Hispanic/Latino,CA,Taser,Stockton Police Department,No
Male,White,FL,Gunshot,Hillsborough County Sheriff's Office,Non-lethal firearm
Male,White,TX,Gunshot,Odessa Police Department,Firearm
Male,Black,NV,Gunshot,"Reno Police Department, Sparks Police Department, Washoe County Sheriff's Office",Non-lethal firearm
Male,White,MS,Gunshot,Biloxi Police Department,Non-lethal firearm
Male,Hispanic/Latino,CA,Gunshot,Long Beach Police Department,Firearm
Male,Hispanic/Latino,CO,Gunshot,Colorado State Patrol,Unknown
Male,Black,VA,Gunshot,Norfolk Police Department,Firearm
Male,White,KS,Gunshot,Butler County Sheriff's Office,Firearm
Male,Hispanic/Latino,CA,Gunshot,Newark (CA) Police Department,Firearm
Male,White,IL,Gunshot,"Dewitt County Sheriff's Office, Clinton Police Department",Knife
Male,White,NC,Gunshot,Greensboro Police Department,Firearm
Male,Black,TX,Gunshot,Houston Police Department,No
Male,Black,PA,Gunshot,Chester Police Department,Firearm
Male,Black,TX,Gunshot,Harris County Sheriff's Office,No
Male,White,KY,Taser,"Kentucky State Police, Warren County Sheriff's Department",No
Male,White,MI,Struck by vehicle,Michigan State Police,Firearm
Male,White,TN,Gunshot,Lenoir City Police Department,No
Male,White,AL,Gunshot,Piedmont Police Department,Firearm
Male,White,CA,Gunshot,West Covina Police Department,Unknown
Female,White,WA,Gunshot,Clark County Sheriff's Office,Knife
Male,Hispanic/Latino,TX,Gunshot,Farmers Branch Police Department,No
Male,Black,MD,Gunshot,Prince George's County Police Department,Firearm
Male,Black,IL,Gunshot,Chicago Police Department,Firearm
Male,White,KY,Gunshot,Russellville Police Department,Firearm
Male,White,TX,Gunshot,Fort Worth Police Department,Firearm
Male,White,IN,Gunshot,Evansville Police Department,Knife
Male,Hispanic/Latino,CA,Gunshot,Los Angeles County Sheriff's Department,No
Male,Hispanic/Latino,CA,Gunshot,Fontana Police Department,Unknown
Male,Hispanic/Latino,TX,Gunshot,San Antonio Police Department,Firearm
Male,White,NC,Gunshot,Anson County Sheriff's Office,Firearm
Male,White,FL,Gunshot,Miramar Police Department,Unknown
Male,Hispanic/Latino,NY,Death in custody,New York Police Department,No
Male,Asian/Pacific Islander,MN,Gunshot,Burnsville Police Department,Knife
Male,Asian/Pacific Islander,FL,Gunshot,Tampa Police Department,Firearm
Male,Black,TX,Gunshot,Houston Police Department,Unknown
Male,Black,TX,Gunshot,Houston Police Department,Unknown
Male,White,CA,Gunshot,Contra Costa County Sheriff's Office,Firearm
Female,Black,VA,Gunshot,Norfolk Police Department,Non-lethal firearm
Male,Black,IL,Gunshot,Park Forest Police Department,Firearm
Male,White,KY,Gunshot,Kentucky State Police,Firearm
Male,White,LA,Gunshot,St Tammany Parish Sheriff's Office,No
Male,Black,FL,Taser,Pasco County Sheriff's Office,No
Male,White,VA,Gunshot,Hopewell Police Department,Knife
Male,Hispanic/Latino,IN,Gunshot,"Fort Wayne Police Department, Indiana State Police",Firearm
Male,Black,FL,Gunshot,"Alachua County Sheriff's Office, Gainesville Police Department",Non-lethal firearm
Male,White,PA,Gunshot,Pennsylvania State Police,Firearm
Male,White,VT,Gunshot,Burlington Police Department,Knife
Male,White,PA,Gunshot,Pennsylvania State Police,Firearm
Male,White,CT,Gunshot,Stamford Police Department,Non-lethal firearm
Male,White,VA,Gunshot,Fredericksburg Police Department,No
Male,Hispanic/Latino,FL,Gunshot,Miami-Dade Police Department,Other
Male,White,CO,Gunshot,Thornton Police Department,Firearm
Male,Black,TN,Gunshot,Memphis Police Department,Firearm
Male,Hispanic/Latino,CA,Gunshot,Fresno Police Department,Firearm
Male,White,FL,Gunshot,Escambia County Sheriff's Office,No
Male,White,MA,Gunshot,Braintree Police Department,Knife
Male,Hispanic/Latino,CO,Gunshot,Pueblo Police Department,Firearm
Male,White,CA,Gunshot,Redlands Police Department,Firearm
Male,Black,RI,Gunshot,Pawtucket Police Department,Non-lethal firearm
Male,Black,MO,Gunshot,US Marshals,Firearm
Male,Hispanic/Latino,NM,Gunshot,Laguna Pueblo Police Department,Firearm
Male,White,VA,Gunshot,Grundy Police Department,Firearm
Male,White,FL,Gunshot,Tampa Police Department,Firearm
Male,White,SC,Gunshot,Myrtle Beach Police Department,Firearm
Male,Hispanic/Latino,MA,Gunshot,Lowell Police Department,Knife
Male,White,NM,Gunshot,Roswell Police Department,Firearm
Male,Black,NC,Gunshot,North Carolina State Highway Patrol,Firearm
Female,Native American,AZ,Gunshot,Winslow Police Department,Other
Male,White,MO,Gunshot,Lee's Summit Police Department,Knife
Male,White,TX,Gunshot,Montgomery County Sheriff's Office,Firearm
Female,White,CA,Struck by vehicle,California Highway Patrol,No
Male,White,CA,Gunshot,Clearlake Police Department,Other
Male,White,SC,Gunshot,Greenville County Sheriff's Office,Firearm
Female,White,MN,Gunshot,Aitkin County Sheriff's Office,Firearm
Male,Hispanic/Latino,CA,Gunshot,Los Angeles County Sheriff's Department,Firearm
Male,White,GA,Gunshot,City of Jackson Police Department,Firearm
Male,Black,VA,Gunshot,Virginia State Police,Firearm
Male,Black,MD,Gunshot,Baltimore Police Department,Firearm
Male,Black,MD,Gunshot,Baltimore Police Department,Firearm
Male,Black,NV,Gunshot,Las Vegas Metropolitan Police Department,Firearm
Male,Hispanic/Latino,TX,Gunshot,Caldwell County Sheriff劌製 Office,Other
Male,Hispanic/Latino,TX,Gunshot,Odessa Police Department,Firearm
Male,Black,IN,Gunshot,Indianapolis Metropolitan Police Department,Firearm
Male,White,WI,Gunshot,Eau Claire County Sheriff's Office,Other
Male,White,TX,Gunshot,Austin Police Department,Firearm
Female,White,AL,Gunshot,Auburn Police Department,Knife
Male,White,LA,Gunshot,Louisiana State Police,Unknown
Male,Hispanic/Latino,MN,Gunshot,Minneapolis Police Department,Knife
Male,Black,OK,Death in custody,Caddo County Sheriff劌製 Office,No
Male,Black,IN,Gunshot,Indianapolis Metropolitan Police Department,No
Male,White,MA,Gunshot,West Springfield Police Department,Knife
Male,Hispanic/Latino,CA,Gunshot,Los Angeles Police Department,Knife
Male,White,OH,Gunshot,Jackson County Sheriff's Office,Other
Male,White,FL,Taser,Manatee County Sheriff劌製 Office,No
Female,Black,TN,Gunshot,Sumner County Sheriff's Office,Other
Male,Hispanic/Latino,CA,Gunshot,San Francisco Police Department,Knife
Male,Native American,NE,Gunshot,Omaha Police Department,Unknown
Male,White,AR,Gunshot,Arkansas Department of Corrections,No
Male,Black,CA,Gunshot,Sacramento Police Department,Knife
Male,Black,MI,Gunshot,Kentwood Police Department,Knife
Female,White,WI,Gunshot,Lake Hallie Police Department,Other
Male,Black,NJ,Gunshot,Franklin Township Police Department,Firearm
Male,Black,PA,Gunshot,Philadelphia Police Department,Firearm
Male,White,CA,Gunshot,Modesto Police Department,Firearm
Male,Hispanic/Latino,CA,Gunshot,Los Angeles Police Department,Knife
Male,White,NY,Gunshot,Rotterdam Police Department,Knife
Male,Hispanic/Latino,TN,Gunshot,Memphis Police Department,Firearm
Male,Black,IL,Gunshot,Chicago Police Department,Firearm
Male,Hispanic/Latino,NV,Gunshot,Las Vegas Metropolitan Police Department,Firearm
Female,Black,LA,Struck by vehicle,Jefferson Parish Sheriff's Office,No
Male,White,CO,Gunshot,Denver Police Department,No
Male,White,FL,Gunshot,Holmes County Sheriff's Office,Vehicle
Male,Hispanic/Latino,IL,Gunshot,Franklin County Sheriff's Department,Firearm
Male,Black,CA,Gunshot,Stockton Police Department,Unknown
Male,White,TX,Gunshot,"Texas Department of Public Safety, Llano County Sheriff's Office",Firearm
Male,White,TN,Gunshot,White County Sheriff's Office,Firearm
Male,White,KS,Gunshot,McPherson County Sheriff's Department,No
Male,White,IN,Gunshot,Muncie Police Department,Other
Male,White,OK,Gunshot,Comanche County Sheriff's Office,Firearm
Male,Hispanic/Latino,CA,Gunshot,Lake Elsinore Police Department,Other
Male,Black,MD,Gunshot,Baltimore Police Department,Non-lethal firearm
Male,White,IL,Gunshot,"Lake County Sheriff's Office, McHenry County Sheriff's Office",Firearm
Male,White,TX,Gunshot,Refugio County Sheriff's Office,No
Female,Black,OH,Gunshot,Dayton Police Department,Firearm
Male,Black,NY,Gunshot,New York Police Department,Firearm
Male,Black,NJ,Gunshot,Vineland Police Department,Firearm
Male,Black,NY,Gunshot,Troy Police Department,Vehicle
Male,White,TX,Gunshot,El Paso Police Department,No
Male,Black,MD,Gunshot,Greenbelt Police Department,Firearm
Male,Black,GA,Gunshot,Cobb County Police Department,Firearm
Male,Black,MO,Gunshot,St Louis Metropolitan Police Department,Firearm
Male,Asian/Pacific Islander,NC,Gunshot,Charlotte-Mecklenburg Police Department,Firearm
Male,White,AL,Gunshot,"Blount County Sheriff's Office, Marshall County Sheriff's Office, Snead Police Department, Blountsville Police Department",Firearm
Male,White,FL,Gunshot,Miami-Dade Police Department,Firearm
Male,White,AR,Gunshot,Johnson County Sheriff's Office,Other
Male,White,VA,Death in custody,Fairfax County Police Department,No
Male,Hispanic/Latino,MA,Gunshot,Everett Police Department,Knife
Female,White,NM,Gunshot,Silver City Police Department,No
Male,White,TX,Gunshot,Austin Police Department,Knife
Male,White,NY,Gunshot,New York State Police,Knife
Male,White,AZ,Gunshot,Chandler Police Department,Firearm
Male,White,WI,Gunshot,Antigo Police Department,Firearm
Male,Black,FL,Gunshot,Fort Pierce Police Department,No
Male,White,VA,Gunshot,Norfolk Police Department,Firearm
Male,Black,AR,Gunshot,Fayetteville Police Department,No
Male,White,MS,Taser,Gulfport Police Department,No
Male,Black,WI,Death in custody,Milwaukee County Sheriff's Office,No
Female,White,NC,Gunshot,Henderson County Sheriff's Office,Firearm
Male,White,HI,Death in custody,Hawaii Police Department,No
Female,White,NM,Gunshot,Bernalillo County Sheriff's Department,Firearm
Male,Black,VA,Gunshot,Chesapeake Police Department,Firearm
Male,White,CO,Gunshot,Lakewood Police Department,Firearm
Male,White,TX,Gunshot,Seguin Police Department,Firearm
Male,Hispanic/Latino,MA,Gunshot,Larwrence Police Department,Firearm
Male,White,CO,Gunshot,Westminster Police Department,Firearm
Male,Asian/Pacific Islander,GA,Gunshot,DeKalb County Police Department,Other
Male,White,UT,Gunshot,Salt Lake County Unified Police Department,Firearm
Male,Hispanic/Latino,FL,Gunshot,Miami Police Department,Knife
Male,Black,TX,Gunshot,Harris County Constable Precinct 5,No
Male,White,WA,Gunshot,Spokane Police Department,Knife
Male,White,ID,Gunshot,Ada County Sheriff's Office,Firearm
Male,White,MO,Gunshot,Missouri State Highway Patrol,No
Male,White,AZ,Gunshot,"Pinal County Sheriff's Office, Maricopa County Sheriff's Office",Vehicle
Male,White,UT,Gunshot,Utah County Sheriff's Office,Knife
Male,White,WI,Gunshot,Wausau Police Department,Knife
Male,Black,FL,Gunshot,Orlando Police Department,Non-lethal firearm
Male,White,TN,Gunshot,"Crockett County Sheriff's Department, Maury City Police Department",Firearm
Male,Black,SC,Gunshot,Greenville County Sheriff's Office,Firearm
Male,White,CA,Gunshot,Visalia Police Department,Knife
Male,White,WA,Gunshot,King County Sheriff's Office,Firearm
Male,White,PA,Gunshot,Philadelphia Police Department,Disputed
Male,White,MO,Gunshot,Missouri State Highway Patrol,Other
Male,Black,CA,Gunshot,Temecula Police Department,Knife
Female,Black,FL,Gunshot,Orange County Sheriff's Office,Firearm
Male,Black,WI,Gunshot,Milwaukee Police Department,Firearm
Male,White,LA,Gunshot,Gretna Police Department,Unknown
Male,Black,WV,Gunshot,Weirton Police Department,Firearm
Male,Black,FL,Gunshot,Pinellas County Sheriff's Office,Firearm
Male,White,WA,Gunshot,"Snohomish County Sheriff's Office, Everett Police Department",Firearm
Male,Black,CA,Gunshot,Long Beach Police Department,Non-lethal firearm
Male,White,ME,Gunshot,Presque Isle Police Department,Knife
Male,White,OK,Struck by vehicle,Oklahoma Highway Patrol,No
Male,Black,MN,Gunshot,Saint Paul Police Department,Firearm
Male,White,MS,Gunshot,Jackson County Sheriff's Office,No
Male,White,IL,Gunshot,Chicago Police Department,Firearm
Male,Black,TX,Gunshot,El Paso Police Department,Non-lethal firearm
Male,White,TX,Gunshot,"Nacogdoches County Sheriff's Office, Texas Highway Patrol",Firearm
Male,Black,MA,Gunshot,Plymouth County Sheriff's Department,Knife
Male,White,CO,Gunshot,Aurora Police Department,Firearm
Male,Black,CO,Gunshot,Greeley Police Department,Firearm
Male,Asian/Pacific Islander,CA,Gunshot,San Diego Police Department,Vehicle
Male,White,OK,Gunshot,Pontotoc County Sheriff's Office,Firearm
Male,White,AR,Death in custody,Franklin County Sheriff's Office,No
Male,White,NJ,Gunshot,Newark Police Department,No
Male,Hispanic/Latino,CA,Gunshot,Los Angeles Police Department,Firearm
Female,Hispanic/Latino,FL,Struck by vehicle,Lake County Sheriff's Department,No
Female,White,FL,Struck by vehicle,Lake County Sheriff's Department,No
Male,White,GA,Gunshot,Henry County Police Department,Unknown
Male,Native American,AZ,Gunshot,Phoenix Police Department,Firearm
Male,White,FL,Gunshot,Volusia County Sheriff's Office,Firearm
Male,White,FL,Gunshot,Jacksonville Sheriff's Office,Knife
Male,White,MA,Taser,Fall River Police Department,No
Male,Black,GA,Gunshot,Clayton County Police Department,Firearm
Male,White,IL,Gunshot,"Illinois State Police, FBI",Firearm
Male,White,IN,Death in custody,Indiana Department of Correction,Other
Male,White,CA,Gunshot,Siskiyou County Sheriff's Office,Other
Male,White,NY,Gunshot,New York City Police Department,Knife
Male,White,MO,Gunshot,Missouri State Highway Patrol,Firearm
Male,Hispanic/Latino,AZ,Gunshot,Phoenix Police Department,Firearm
Male,Hispanic/Latino,NV,Gunshot,Las Vegas Metropolitan Police Department,No
Female,Black,CA,Gunshot,San Francisco Police Department,No
Male,Hispanic/Latino,CA,Gunshot,Citrus Heights Police Department,Knife
Male,Black,FL,Gunshot,Miami-Dade Police Department,Firearm
Male,White,KY,Gunshot,Kentucky State Police,Firearm
Male,Black,NE,Gunshot,Omaha Police Department,Knife
Male,White,AZ,Death in custody,Phoenix Police Department,No
Male,Unknown,CA,Gunshot,San Bernardino Sheriff's Department,Knife
Male,Native American,AZ,Gunshot,Coconino County Sheriff's Office,Firearm
Male,White,SC,Gunshot,"Florence County Sheriff's Office, South Carolina Law Enforcement Division",Firearm
Male,White,OR,Gunshot,Oregon City Police Department,Other
Male,Black,FL,Gunshot,Hallandale Beach Police Department,No
Male,Hispanic/Latino,MA,Gunshot,Massachusetts State Police,Firearm
Male,White,CO,Gunshot,Boulder Police Department,Firearm
Male,Black,FL,Gunshot,Jacksonville Sheriff's Office,No
Male,Native American,AZ,Gunshot,"Flagstaff Police Department, Northern Arizona University Police Department",Firearm
Male,White,OR,Gunshot,Gresham Police Department,Knife
Male,White,MO,Gunshot,Cass County Sheriff劌製 Office,Unknown
Male,Hispanic/Latino,NM,Gunshot,US Marshals,Firearm
Male,White,OK,Gunshot,Oklahoma City Police Department,Knife
Male,Black,FL,Gunshot,Florida Highway Patrol,No
Male,White,MN,Gunshot,Saint Paul Police Department,Firearm
Male,Hispanic/Latino,NM,Gunshot,"Socorro County Sheriff劌製 Department, New Mexico State Police",Unknown
Male,White,IL,Gunshot,Lansing Police Department,Firearm
Male,Black,IL,Gunshot,"United States Marshals Service, Caseyville Police Department",No
Male,Hispanic/Latino,CA,Gunshot,Santa Barbara County Sheriff劌製 Department,Firearm
Male,Hispanic/Latino,TX,Gunshot,San Antonio Police Department,Firearm
Female,White,FL,Gunshot,Sneads Police Department,Knife
Male,White,IN,Gunshot,Indiana State Police,Firearm
Male,White,NM,Gunshot,Albuquerque Police Department,Firearm
Male,Black,AL,Gunshot,Lincoln Police Department,Unknown
Male,Hispanic/Latino,TX,Death in custody,San Antonio Police Department,No
Male,Black,OK,Death in custody,Tulsa Police Department,No
Male,White,NC,Gunshot,Rockingham County Sheriff's Office,Other
Male,White,NC,Gunshot,"Clinton Police Department, North Carolina Highway Patrol",Firearm
Male,Hispanic/Latino,TX,Gunshot,Houston Police Department,Firearm
Male,White,FL,Gunshot,Volusia County Sheriff's Office,Knife
Male,White,IN,Taser,Greenwood Police Department,No
Male,Black,AZ,Gunshot,Tucson Police Department,Firearm
Male,White,OR,Gunshot,"Tualatin Police Department, Beaverton Police Department, Washington County Sheriff's Office",Firearm
Male,White,OR,Gunshot,Oregon State Police,Knife
Male,White,AZ,Gunshot,Phoenix Police Department,Firearm
Male,White,KY,Gunshot,Madison County Sheriff's Office,Firearm
Male,Black,GA,Gunshot,Coweta County Sheriff劌製 Office,Firearm
Male,Black,VA,Gunshot,Norfolk Police Department,Knife
Male,Black,NC,Gunshot,Charlotte-Mecklenburg Police Department,Firearm
Male,White,KY,Struck by vehicle,Kentucky State Police,No
Male,Native American,AZ,Gunshot,Colorado River Indian Tribes Police Department,Knife
Male,White,AK,Gunshot,Alaska State Troopers,Knife
Male,Native American,SD,Gunshot,Oglala Sioux Tribe Offices Department of Public Safety,Knife
Male,Unknown,CA,Gunshot,California Highway Patrol,Unknown
Male,White,IN,Gunshot,Muncie Police Department,Knife
Male,Black,AL,Gunshot,Eufaula Police Department,Firearm
Male,White,FL,Gunshot,Cape Coral Police Department,Other
Female,White,MI,Gunshot,Calhoun County Sheriff's Office,No
Male,Asian/Pacific Islander,HI,Gunshot,Hawaii Police Department,Knife
Male,Black,OH,Gunshot,Columbus Division of Police,Firearm
Male,White,OK,Gunshot,Wagoner Police Department,No
Male,Black,VA,Gunshot,Culpeper County Sheriff's Office,Firearm
Male,Hispanic/Latino,CA,Gunshot,Modesto Police Department,No
Male,White,CA,Struck by vehicle,California Highway Patrol,No
Male,Hispanic/Latino,MO,Gunshot,Unknown,Firearm
Male,White,GA,Gunshot,Henry County Police Department,Firearm
Male,White,PA,Gunshot,York County Sheriff's Office,Firearm
Male,White,MI,Gunshot,Marquette County Sheriff's Office,Firearm
Male,White,AL,Gunshot,Irondale Police Department,Firearm
Male,Black,TX,Gunshot,Port Arthur Police Department,Other
Male,Hispanic/Latino,AZ,Gunshot,US Customs and Border Protection,Other
Male,Hispanic/Latino,CO,Gunshot,Pueblo Police Department,Other
Male,Hispanic/Latino,WA,Gunshot,Yakima Police Department,Firearm
Male,White,NC,Gunshot,Iredell County Sheriff's Office,Other
Male,Black,CA,Gunshot,Los Angeles Police Department,Firearm
Male,Hispanic/Latino,CA,Gunshot,Los Angeles County Sheriff's Department,Other
Male,Black,MS,Gunshot,Tupelo Police Department,Firearm
Male,Asian/Pacific Islander,FL,Gunshot,"Orlando Police Department, Orange County Sheriff's Office",Firearm
Male,White,UT,Gunshot,Utah County Sheriff's Office,Knife
Male,Black,KY,Gunshot,Barren County Sheriff's Department,Firearm
Male,Black,AL,Gunshot,Mobile Police Department,Disputed
Male,White,NY,Gunshot,Schenectady Police Department,Firearm
Male,Hispanic/Latino,RI,Gunshot,"Tiverton Police Department, Fall River Police Department",Firearm
Male,Hispanic/Latino,ID,Gunshot,Boise Police Department,Vehicle
Male,Arab-American,TX,Gunshot,Amarillo Police Department,Firearm
Male,White,WA,Gunshot,Clark County Sheriff's Office,No
Male,White,MO,Gunshot,Lafayette County Sheriff's Office,Firearm
Male,Hispanic/Latino,CA,Gunshot,US Homeland Security,Unknown
Male,White,OK,Gunshot,Tulsa Police Department,Vehicle
Male,White,WI,Gunshot,Marinette County Sheriff's Office,Firearm
Male,Hispanic/Latino,NM,Gunshot,Albuquerque Police Department,Firearm
Male,White,MT,Gunshot,Butte Police Department,Firearm
Male,Hispanic/Latino,CO,Gunshot,Westminster Police Department,Vehicle
Male,White,OH,Gunshot,Williams County Sheriff's office,Firearm
Male,White,AL,Gunshot,Huntsville Police Department,Non-lethal firearm
Male,White,CA,Gunshot,Sacramento County Sheriff's Department,Unknown
Male,Black,MS,Gunshot,Tupelo Police Department,No
Male,Black,NY,Gunshot,New York Police Department,Firearm
Male,White,FL,Gunshot,Fort Walton Beach Police Department,Firearm
Male,Black,FL,Gunshot,Brevard County Sheriff's Office,No
Male,Black,NY,Gunshot,Syracuse Police Department,Firearm
Male,Black,SC,Gunshot,"Jasper County Sheriff's Office, Hardeeville Police",Firearm
Male,White,AZ,Gunshot,Lake Havasu City Police Department,Knife
Male,White,NH,Gunshot,Greenfield Police Department,Non-lethal firearm
Male,Hispanic/Latino,NC,Gunshot,Cleveland County Sheriff's Office,No
Male,White,WY,Gunshot,Mills Police Department,Firearm
Male,Black,AL,Gunshot,Shelby County Sheriff's Office,Vehicle
Male,Hispanic/Latino,FL,Gunshot,Palm Beach County Sheriff's Office,Knife
Male,White,CO,Gunshot,Colorado Springs Police,Firearm
Male,Black,MS,Gunshot,DeSoto County Sheriff's Office,Firearm
Male,Black,MI,Taser,"Flint Police Department, Michigan State Police",Knife
Male,White,TX,Gunshot,"Austin County Sheriff's Office, Bellville Police Department",Firearm
Male,Black,GA,Gunshot,Atlanta Police Department,No
Male,Black,WI,Gunshot,Wauwatosa Police Department,Firearm
Male,Black,IL,Gunshot,Belleville Police Department,Firearm
Male,Black,NJ,Gunshot,Paterson Police Department,Firearm
Male,Hispanic/Latino,NM,Gunshot,New Mexico State Police,Firearm
Female,White,TX,Gunshot,Fulshear Police Department,Firearm
Male,Hispanic/Latino,OK,Gunshot,Oklahoma City Police Department,Other
Male,White,AR,Gunshot,Washington County Sheriff's Office,Firearm
Male,Hispanic/Latino,GA,Gunshot,Georgia State Patrol,No
Male,White,FL,Gunshot,Pinellas Park Police Department,Firearm
Male,White,CA,Gunshot,Fresno Police Department,No
Male,Unknown,AZ,Gunshot,Buckeye Police Department,Firearm
Male,Black,IL,Gunshot,Dolton Police Department,Firearm
Male,Black,NE,Gunshot,Lincoln Police Department,Firearm
Male,White,MI,Gunshot,Columbia Township Police Department,Other
Male,Hispanic/Latino,CT,Gunshot,Thomaston Police Department,Knife
Male,Hispanic/Latino,FL,Gunshot,Hillsborough County Sheriff's Office,Firearm
Male,White,GA,Gunshot,Bleckley County Sheriff's Office,Firearm
Male,White,NM,Gunshot,New Mexico State Police,Firearm
Male,White,IA,Gunshot,Boone Police Department,Non-lethal firearm
Male,White,DE,Gunshot,Delaware State Police,Non-lethal firearm
Male,Black,DC,Gunshot,Washington Metropolitan Police Department,Non-lethal firearm
Male,Unknown,HI,Gunshot,Honolulu Police Department,Knife
Male,Asian/Pacific Islander,CA,Gunshot,Long Beach Police Department,Knife
Male,White,KY,Gunshot,Knox County Sheriff's Office,No
Male,Black,LA,Gunshot,Ouachita Parish Sheriff's Office,Firearm
Male,Black,IA,Gunshot,Fort Madison Police Department,Firearm
Male,Asian/Pacific Islander,CA,Gunshot,Los Angeles Police Department,Knife
Male,Hispanic/Latino,WY,Gunshot,United States Marshals Service,No
Male,Black,OH,Gunshot,Columbus Division of Police,Firearm
Male,White,WI,Gunshot,Madison Police Department,Other
Male,White,CO,Gunshot,Park County Sheriff's Office,Firearm
Male,White,OK,Taser,Ponca City Police Department,No
Male,White,GA,Gunshot,Cartersville Police Department and Bartow County Sheriff's Office,Firearm
Male,White,SC,Gunshot,Spartanburg County Sheriff's Office,Other
Male,White,WI,Gunshot,Jackson Police Department,Knife
Male,White,IN,Struck by vehicle,Indiana State Police,No
Male,White,TN,Gunshot,Bristol Police Department,Firearm
Male,Black,NC,Gunshot,Asheville Police Department,Firearm
Male,Hispanic/Latino,CA,Death in custody,Anaheim Police Department,No
Male,Black,MS,Death in custody,Canton Police Department,Unknown
Male,White,LA,Gunshot,Iberia Parish Sheriff劌製 Office,Knife
Male,Hispanic/Latino,NV,Gunshot,Reno Police Department,Unknown
Male,Hispanic/Latino,CA,Gunshot,California Highway Patrol,No
Male,Hispanic/Latino,CA,Gunshot,San Jose Police Department,Firearm
Male,Black,NY,Gunshot,New York Police Department,No
Male,Black,TX,Gunshot,Kaufman County Sheriff's Office,Other
Male,Black,DC,Gunshot,Metro Transit Police Department,Firearm
Male,White,SC,Gunshot,North Charleston Police Department,Firearm
Male,Black,LA,Gunshot,Baton Rouge Police Department,Disputed
Male,White,CA,Gunshot,Temecula Police Department,Unknown
Male,White,OR,Gunshot,Polk County Sheriff's Office,Unknown
Female,Hispanic/Latino,AZ,Gunshot,Yuma County Sheriff's Office,Knife
Male,Black,MN,Gunshot,St Anthony Police Department,Disputed
Male,White,OK,Gunshot,Rush Springs Police Department,Firearm
Male,Hispanic/Latino,CA,Gunshot,Los Angeles Police Department,Firearm
Male,Hispanic/Latino,CA,Gunshot,Bell Police Department,Knife
Male,White,CA,Gunshot,Clovis Police Department,Vehicle
Male,Black,TX,Other,Dallas Police Department,Firearm
Male,Black,AL,Gunshot,Selma Police Department,Firearm
Male,White,TN,Gunshot,Shelby County Sheriff's Office,Knife
Male,White,AZ,Gunshot,Tucson Police Department,Knife
Male,Black,TX,Gunshot,Houston Police Department,Firearm
Male,Black,OK,Gunshot,"Broken Bow Police Department, McCurtain County Sheriff劌製 Office, Choctaw Nation Tribal Police Department",Firearm
Male,Black,MO,Gunshot,St Louis County Police Department,Unknown
Male,Black,CA,Gunshot,Sacramento Police Department,Knife
Male,Black,NY,Gunshot,New York Police Department,Firearm
Male,Black,IL,Gunshot,"Washington Park Police Department, East St Louis Police Department",Firearm
Male,Hispanic/Latino,MI,Gunshot,Romulus Police Department,Firearm
Male,White,MI,Gunshot,Berrien County Courthouse,Firearm
Male,White,AK,Gunshot,Anchorage Police Department,Other
Male,White,AZ,Gunshot,Flagstaff Police Department,No
Male,White,NY,Gunshot,Middletown Police Department,Non-lethal firearm
Male,Black,OK,Death in custody,Oklahoma City Police Department,Other
Male,Black,MD,Gunshot,Baltimore Police Department,Firearm
Male,White,NC,Gunshot,Anson County Sheriff's Office,Firearm
Male,White,FL,Gunshot,Clay County Sheriff's Office,Firearm
Male,White,CA,Gunshot,San Bernardino Police Department,Firearm
Male,White,NJ,Gunshot,Unknown,Firearm
Male,Black,NY,Gunshot,New York Police Department,Firearm
Male,White,WI,Gunshot,Sheboygan Police Department,Firearm
Male,White,OK,Gunshot,Tulsa Police Department,Knife
Male,Black,LA,Gunshot,Unknown,Firearm
Male,Hispanic/Latino,NY,Struck by vehicle,New York Police Department,No
Male,White,LA,Taser,Louisiana State Police,Other
Male,White,OK,Gunshot,Tulsa Police Department,Other
Male,Hispanic/Latino,CA,Gunshot,Santa Maria Police Department,Knife
Male,White,CT,Gunshot,Waterbury Police Department,Unknown
Male,White,HI,Gunshot,Hawaii Police Department,Firearm
Male,Black,IL,Gunshot,Chicago Police Department,Firearm
Male,White,WV,Gunshot,Upshur County Sheriff's Office,Firearm
Male,Black,WI,Gunshot,Milwaukee Police Department,Knife
Male,Black,CA,Gunshot,Chino Police Department,Firearm
Male,Hispanic/Latino,TX,Gunshot,San Antonio Police Department,Firearm
Male,White,CA,Gunshot,"Riverside County Sheriff's Department, California Highway Patrol",Firearm
Male,Native American,NM,Gunshot,Gallup Police Department,Knife
Female,White,OR,Struck by vehicle,Central Oregon Community College Campus Public Safety,No
Male,Black,IN,Gunshot,Indianapolis Metropolitan Police Department,Firearm
Male,Black,CA,Gunshot,Los Angeles Police Department,Firearm
Male,White,TN,Death in custody,Blount County Sheriff's Office,No
Male,White,WI,Gunshot,"Lincoln County Sheriff's Department, Langlade County Sheriff's Department, Antigo Police Department",Firearm
Male,Hispanic/Latino,NM,Gunshot,Artesia Police Department,Firearm
Male,Hispanic/Latino,CA,Death in custody,Pittsburg Police Department,No
Male,Unknown,IL,Death in custody,Winnebago County Sheriff's Department,No
Male,Black,LA,Gunshot,Jefferson Parish Sheriff's Office,Firearm
Male,Black,AZ,Gunshot,Tempe Police Department,No
Male,White,MT,Gunshot,Phillips County Sheriff's Office,Knife
Male,White,TN,Gunshot,Franklin County Sheriff's Office,Knife
Male,White,AZ,Gunshot,Scottsdale Police Department,Knife
Male,Hispanic/Latino,CA,Gunshot,San Bernardino Police Department,Knife
Male,Hispanic/Latino,AZ,Gunshot,Tucson Police Department,Firearm
Male,Black,IL,Gunshot,Chicago Police Department,No
Male,Hispanic/Latino,NV,Gunshot,Sparks Police Department,Firearm
Male,Black,CA,Gunshot,Los Angeles County Sheriff's Department,No
Male,Hispanic/Latino,CA,Gunshot,Los Angeles Police Department,Firearm
Male,Black,CA,Gunshot,Unknown,Unknown
Female,White,AL,Gunshot,Homewood Police Department,Firearm
Male,White,NC,Gunshot,Northampton County Sheriff's Office,Firearm
Female,Black,PA,Death in custody,Temple University Police Department,No
Male,Asian/Pacific Islander,NJ,Gunshot,Manchester Township Division of Police,Knife
Male,White,KY,Gunshot,Kentucky State Police,No
Male,Hispanic/Latino,WA,Gunshot,Wapato Police Department,Other
Male,White,SC,Gunshot,Lexington County Sheriff's Department,Vehicle
Male,White,VA,Gunshot,Stafford County Sheriff's Office,Firearm
Female,Black,MD,Gunshot,Baltimore County Police Department,Firearm
Male,Hispanic/Latino,TX,Death in custody,Port Arthur Police Department,No
Male,White,CA,Gunshot,Santa Ana Police Department,No
Male,White,SC,Gunshot,Lake City Police Department,Firearm
Male,White,ID,Gunshot,Elmore County Sheriff's Office,Firearm
Male,White,MN,Gunshot,Minnesota Bureau of Criminal Apprehension,Knife
Male,Black,FL,Gunshot,Palm Bay Police Department,Firearm
Male,White,CA,Gunshot,Los Angeles County Sheriff's Department,No
Male,White,UT,Gunshot,"Clearfield Police Department, Davis County Sheriff's Office",Firearm
Male,White,MI,Gunshot,"West Bloomfield Police Department, Michigan Department of Corrections",Knife
Male,White,VA,Gunshot,Hawkins County Sheriff劌製 Office,Firearm
Male,White,AR,Death in custody,Little Rock Police Department,No
Male,White,VA,Gunshot,Loudoun County Sheriff's Office,Knife
Male,Black,GA,Gunshot,United States Marshals Service,Firearm
Male,White,WI,Gunshot,Dodge County Sheriff's Office,Firearm
Male,White,FL,Gunshot,Pasco County Sheriff's Office,No
Male,White,CA,Gunshot,San Diego County Sheriff's Department,Other
Male,Black,OH,Gunshot,Cincinnati Police Department,Knife
Male,Black,PA,Gunshot,Harrisburg Police Department,Knife
Male,Black,KY,Gunshot,Louisville Metro Police Department,Knife
Male,Hispanic/Latino,KY,Gunshot,Kentucky State Police,Other
Male,White,CA,Gunshot,Citrus Heights Police Department,Firearm
Male,White,SC,Gunshot,Richland County Sheriff's Office,Firearm
Male,White,NC,Gunshot,Wilkes County Sheriff's Office,Firearm
Male,White,OH,Gunshot,Pickaway County Sheriff's Office,Firearm
Female,White,FL,Gunshot,Punta Gorda Police Department,No
Male,Hispanic/Latino,CA,Gunshot,Los Angeles Police Department,Firearm
Male,White,SC,Gunshot,Anderson County Sheriff's Office,Disputed
Male,Black,CA,Death in custody,"Fairfield Police Department, Solano County Sheriff's Office",No
Male,White,WA,Gunshot,Tukwila Police Department,Firearm
Male,White,KY,Gunshot,Lexington Fire Department,No
Male,Hispanic/Latino,CA,Gunshot,San Diego County Sheriff's Department,Unknown
Male,White,LA,Gunshot,Iberville Parish Sheriff's Office,Firearm
Male,Hispanic/Latino,AZ,Gunshot,Mesa Police Department,Unknown
Male,Native American,OK,Gunshot,Tahlequah Police Department,Other
Female,White,FL,Gunshot,Seminole County Sheriff's Office,No
Male,Hispanic/Latino,AZ,Gunshot,Phoenix Police Department,Knife
Male,Black,WI,Gunshot,Milwaukee Police Department,Firearm
Male,White,CO,Gunshot,Unknown,Firearm
Male,Black,AR,Taser,Monticello Police Department,No
Male,White,CA,Gunshot,Hayward Police Department,Unknown
Male,Hispanic/Latino,VA,Gunshot,Fairfax County Sheriff's Office,Other
Male,White,TN,Gunshot,United States Marshals Service,Firearm
Male,White,OH,Gunshot,Ashtabula County Sheriff's Office,Firearm
Male,White,NC,Gunshot,Lenoir Police Department,Firearm
Male,Black,CA,Gunshot,Los Angeles Police Department,Unknown
Male,Black,CA,Gunshot,Stockton Police Department,Firearm
Male,White,AZ,Gunshot,Maricopa County Sheriff's Office,Non-lethal firearm
Male,White,WV,Gunshot,Hampshire County Sheriff's Office,No
Male,Hispanic/Latino,AZ,Gunshot,Pima County Sheriff's Department,No
Male,Black,WA,Gunshot,Kelso Police Department,Other
Male,Hispanic/Latino,CA,Gunshot,Bakersfield Police Department,Firearm
Male,White,CA,Gunshot,Humboldt County Sheriff's Office,Firearm
Male,White,KS,Gunshot,Hays Police Department,No
Male,White,CA,Gunshot,Sacramento County Sheriff劌製 Department,Knife
Male,White,CA,Gunshot,San Diego County Sheriff's Department,No
Male,White,NC,Gunshot,North Carolina State Highway Patrol,No
Male,Asian/Pacific Islander,CA,Death in custody,"Marin County Sheriff劌製 Office, Central Marin Police Authority",No
Male,Hispanic/Latino,AZ,Gunshot,Phoenix Police Department,No
Male,Hispanic/Latino,CA,Gunshot,Los Angeles Police Department,Other
Male,White,WI,Gunshot,New London Police Department,Non-lethal firearm
Male,White,NV,Gunshot,Washoe County Sheriff's Office,Unknown
Male,White,NM,Gunshot,Ruidoso Police Department,Firearm
Male,White,TN,Gunshot,East Ridge Police Department,Other
Male,Black,VA,Gunshot,Dinwiddie County Sheriff's Office,Firearm
Male,Hispanic/Latino,CA,Gunshot,Indio Police Department,Knife
Male,Hispanic/Latino,NM,Gunshot,Las Cruces Police Department,Knife
Male,Black,OH,Gunshot,Hamilton Police Department,Knife
Male,Hispanic/Latino,TX,Gunshot,Dallas Police Department,Firearm
Male,White,FL,Gunshot,Orange County Sheriff's Office,Firearm
Male,White,TN,Gunshot,Shelbyville Police Department,Firearm
Male,White,TX,Gunshot,Saint Jo Police Department,Unknown
Male,White,CO,Gunshot,Fort Collins Police Services,Knife
Male,Black,CA,Gunshot,Los Angeles County Sheriff's Department,Unknown
Male,Hispanic/Latino,CA,Gunshot,Federal Bureau of Investigation,Unknown
Male,White,OR,Struck by vehicle,Redmond Police Department,Firearm
Male,White,NV,Gunshot,Nevada Highway Patrol,Firearm
Male,Hispanic/Latino,AZ,Gunshot,Phoenix Police Department,Non-lethal firearm
Male,Hispanic/Latino,CO,Gunshot,Denver Police Department,Knife
Male,White,WV,Gunshot,Monongalia County Sheriff's Office,Firearm
Male,Black,NJ,Gunshot,Trenton Police Department,No
Male,White,MN,Gunshot,Eagan Police Department,Firearm
Male,Black,NC,Gunshot,Raleigh Police Department,Firearm
Male,White,CA,Gunshot,San Bernardino Police Department,Knife
Female,White,AZ,Gunshot,City of Kingman Police Department,Firearm
Male,White,WA,Gunshot,Pierce County Sheriff's Department,Other
Male,Black,FL,Gunshot,Hillsborough County Sheriff's Office,No
Male,White,TX,Gunshot,Bell County Sheriff's Department,Unknown
Male,Native American,AK,Gunshot,Fairbanks Police Department,Firearm
Male,White,TX,Gunshot,Weatherford Police Department,Knife
Male,White,CO,Gunshot,Denver Police Department,No
Male,White,MO,Gunshot,Aurora Police Department,Vehicle
Male,White,OH,Gunshot,Sylvania Township Police Department,Vehicle
Male,White,KS,Gunshot,Sedgwick County Sheriff's Office,Firearm
Male,Hispanic/Latino,CA,Gunshot,Los Angeles County Sheriff's Department,Firearm
Male,Hispanic/Latino,CA,Gunshot,Huntington Park Police Department,Other
Male,Hispanic/Latino,NM,Gunshot,Alamogordo Police Department,Firearm
Male,White,CO,Gunshot,Parker Police Department,Firearm
Male,Black,MO,Gunshot,St Louis Police Department,Firearm
Male,White,IL,Gunshot,Round Lake Police Department,Other
Male,White,IL,Gunshot,Illinois State Police,Firearm
Male,White,WA,Gunshot,East Wenatchee Police Department,No
Male,Black,NJ,Gunshot,Atlantic City Police Department,Firearm
Male,Hispanic/Latino,TX,Gunshot,Temple Police Department,Firearm
Male,Hispanic/Latino,CO,Gunshot,Grand Junction Police Department,Knife
Male,Hispanic/Latino,CA,Gunshot,Long Beach Police Department,Knife
Male,Hispanic/Latino,TX,Gunshot,Austin Police Department,Firearm
Male,Black,TX,Gunshot,Ennis Police Department,Vehicle
Male,Hispanic/Latino,AZ,Gunshot,Phoenix Police Department,Unknown
Male,White,NE,Gunshot,Douglas County Sheriff's Office,Unknown
Male,White,WV,Gunshot,Unknown,Firearm
Male,White,TN,Gunshot,Washington County Sheriff's Office,Firearm
Male,White,AZ,Gunshot,Phoenix Police Department,Knife
Male,White,FL,Gunshot,Titusville Police Department,Firearm
Male,Black,GA,Gunshot,Albany Police Department,Other
Male,Black,MI,Gunshot,Wyoming Police Department,Firearm
Male,White,FL,Gunshot,"Polk County Sheriff's Office, Lake Wales Police Department, Haines City Police Department, Winter Haven Police Department",Firearm
Male,White,FL,Taser,Pinellas County Sheriff's Office,No
Male,Hispanic/Latino,CA,Gunshot,Merced County Sheriff's Office,Firearm
Male,Hispanic/Latino,AR,Gunshot,Shelby County Sheriff's Office,Firearm
Male,White,WA,Gunshot,Auburn Police Department,Unknown
Male,Black,FL,Gunshot,Broward County Sheriff's Office,Disputed
Male,White,WV,Gunshot,Mercer County Sheriff's Office,Non-lethal firearm
Male,White,CO,Gunshot,Boulder County Sheriff's Office,Firearm
Male,Black,DC,Gunshot,Washington Metropolitan Police Department,No
Male,Black,IA,Gunshot,Cedar Rapids Police Department,Knife
Male,White,CA,Gunshot,Santa Clara County Sheriff's Office,Firearm
Male,Hispanic/Latino,CA,Gunshot,Colton Police Department,Unknown
Male,White,CA,Death in custody,Los Angeles County Sheriff's Department,No
Male,Black,OH,Gunshot,Columbus Division of Police,Non-lethal firearm
Male,White,TX,Gunshot,Austin Police Department,Firearm
Male,Hispanic/Latino,AZ,Gunshot,Phoenix Police Department,Firearm
Male,White,FL,Gunshot,Hernando County Sheriff's Office,Firearm
Male,White,MO,Gunshot,"Missouri State Highway Patrol, Taney County Sheriff's Office",Firearm
Male,Native American,VT,Gunshot,Franklin County Sheriff劌製 Department,No
Male,Black,PA,Gunshot,Philadelphia Police Department,Firearm
Male,Black,OK,Gunshot,Tulsa Police Department,No
Male,White,KY,Gunshot,Owensboro Police Department,Knife
Male,White,AL,Gunshot,Huntsville Police Department,Non-lethal firearm
Male,White,NC,Gunshot,"Rutherfordton Police Department, Rutherford County Sheriff's Department",Firearm
Male,White,CA,Gunshot,Beaumont Police Department,Other
Male,Black,MN,Gunshot,Avon Police Department,Knife
Male,Black,OH,Gunshot,Akron Police Department,Firearm
Male,Black,NY,Gunshot,New York court officer,Non-lethal firearm
Male,White,UT,Gunshot,Cache County Sheriff's Office,Other
Female,White,TX,Gunshot,Harris County Precinct 4 Constable's Office,Firearm
Male,White,FL,Gunshot,St Lucie County Sheriff's Office,Firearm
Male,White,TN,Gunshot,Decatur County Sheriff's Office,Unknown
Male,White,CT,Gunshot,Mashantucket Pequot Tribal Police Department,Firearm
Male,Black,NC,Gunshot,Charlotte-Mecklenburg Police Department,Disputed
Male,White,TN,Gunshot,Metropolitan Nashville Police Department,Firearm
Male,White,CO,Gunshot,Westminster Police Department,Knife
Male,White,TX,Gunshot,Wood County Sheriff's Office,Firearm
Male,White,NE,Gunshot,Cass County Sheriff's Office,No
Male,White,CA,Gunshot,Sacramento County Sheriff's Department,No
Male,Black,MD,Gunshot,Baltimore County Police Department,Unknown
Male,Hispanic/Latino,TX,Gunshot,San Antonio Police Department,Firearm
Male,White,NH,Gunshot,Claremont Police Department,Firearm
Male,White,AR,Gunshot,Pulaski County Sheriff劌製 Office,Firearm
Male,White,ID,Gunshot,"Garden City Police Department, Boise Police Department",Firearm
Male,White,TX,Gunshot,Houston Police Department,Firearm
Male,White,MN,Gunshot,Burnsville Police Department,Firearm
Male,Black,CA,Gunshot,El Cajon Police Department,No
Male,White,AZ,Gunshot,Phoenix Police Department,Firearm
Male,Black,PA,Gunshot,Philadelphia Police Department,No
Male,Hispanic/Latino,GA,Gunshot,Valdosta Police Department,Knife
Male,White,AZ,Gunshot,Kingman Police Department,Firearm
Male,Black,OH,Gunshot,Columbus Division of Police,Firearm
Male,Black,NJ,Gunshot,Newark Police Department,Unknown
Male,Black,NJ,Gunshot,Newark Police Department,Unknown
Male,White,MI,Gunshot,Michigan State Police,Firearm
Male,Black,SC,Gunshot,Greenville County Sheriff's Office,Firearm
Male,White,TX,Gunshot,Trinity County Sheriff's Office,Unknown
Male,Black,CA,Death in custody,Pasadena Police Department,Knife
Female,White,MS,Other,Long Beach City Police Department,No
Male,White,WV,Gunshot,Putnam County Sheriff's Department,Firearm
Male,Black,CA,Gunshot,Los Angeles Police Department,Firearm
Male,Black,IL,Gunshot,Markham Police Department,Firearm
Male,Hispanic/Latino,CA,Gunshot,Los Angeles Police Department,Non-lethal firearm
Female,White,AR,Struck by vehicle,Clay County Sheriff's Office,No
Male,Hispanic/Latino,CA,Death in custody,Bakersfield Police Department,Unknown
Male,White,MA,Gunshot,Lynn Police Department,Firearm
Male,White,NJ,Gunshot,Unknown,Firearm
Male,Hispanic/Latino,FL,Gunshot,Hillsborough County Sheriff's Office,Other
Male,White,AR,Gunshot,Springdale Police Department,Firearm
Male,White,MI,Gunshot,"Mackinac County Sheriff's Office, Michigan State Police",Firearm
Male,White,CA,Taser,Burbank Police Department,No
Female,White,TX,Taser,Tarrant County Sheriff's Department,Other
Male,White,CO,Gunshot,Unknown,Other
Male,White,SC,Gunshot,Berkeley County Sheriff's Office,Firearm
Male,White,TX,Gunshot,Harris County Sheriff's Office,Other
Male,White,IN,Gunshot,Fort Wayne Police Department,Knife
Male,Black,GA,Gunshot,Bibb County Sheriff's Office,Other
Male,Black,LA,Gunshot,Unknown,Firearm
Male,White,AR,Gunshot,Benton Police Department,Non-lethal firearm
Male,Black,TX,Gunshot,Houston Police Department,Firearm
Male,White,TX,Gunshot,Duncanville Police Department,Unknown
Male,Black,NC,Gunshot,Fayetteville Police Department,Knife
Male,Black,FL,Gunshot,Highlands County Sheriff's Office,Unknown
Female,White,CA,Gunshot,Modesto Police Department,Knife
Male,White,OK,Gunshot,Wetumka Police Department,Vehicle
Male,Hispanic/Latino,WA,Gunshot,Federal Way Police Department,Knife
Male,White,IN,Gunshot,Fort Wayne Police Department,Knife
Male,Black,NY,Gunshot,Syracuse Police Department,Firearm
Male,White,OH,Gunshot,Westlake Police Department,Non-lethal firearm
Male,Native American,TX,Gunshot,Midland Police Department,Firearm
Male,Hispanic/Latino,CA,Gunshot,California Highway Patrol,Unknown
Male,Native American,NC,Gunshot,North Carolina State Highway Patrol,Firearm
Male,White,AZ,Gunshot,Arizona Department of Public Safety,Firearm
Male,Asian/Pacific Islander,WA,Gunshot,Seattle Police Department,Knife
Male,White,CA,Gunshot,Concord Police Department,Other
Male,White,LA,Gunshot,Livingston Parish Sheriff's Office,Other
Male,Black,MA,Gunshot,Boston Police Department,Firearm
Male,White,KY,Gunshot,Kentucky State Police,Firearm
Male,White,NV,Gunshot,Las Vegas Metropolitan Police Department,Firearm
Male,White,WA,Gunshot,Kent Police Department,Firearm
Male,White,OR,Gunshot,Grants Pass Department of Public Safety,Knife
Male,White,TX,Gunshot,Beaumont Police Department,Other
Male,Hispanic/Latino,TX,Gunshot,Dallas Police Department,Firearm
Male,White,CA,Gunshot,San Francisco Police Department,Firearm
Male,White,AL,Gunshot,Lee County Sheriff's Office,Firearm
Male,Hispanic/Latino,NV,Death in custody,Sparks Police Department,Unknown
Male,White,CA,Gunshot,Santa Cruz Police Department,Other
Female,White,TX,Gunshot,Austin Police Department,Non-lethal firearm
Male,White,FL,Gunshot,Pasco County Sheriff's Office,Knife
Male,Hispanic/Latino,FL,Gunshot,Miami-Dade Police Department,Other
Male,White,AR,Gunshot,Benton Police Department,Firearm
Male,Black,MI,Gunshot,Benton Harbor Department of Public Safety,Firearm
Male,Hispanic/Latino,OK,Gunshot,Tulsa Police Department,Firearm
Female,Black,NY,Gunshot,New York Police Department,Other
Male,White,KY,Gunshot,Paris Police Department,Firearm
Male,Hispanic/Latino,TX,Gunshot,Dallas Police Department,Firearm
Male,White,OH,Gunshot,Willoughby Police Department,Unknown
Male,Hispanic/Latino,NV,Gunshot,Nevada Highway Patrol,No
Male,White,FL,Gunshot,Jacksonville Sheriff's Office,Firearm
Male,White,OK,Gunshot,Tulsa Police Department,Knife
Female,Native American,WA,Gunshot,Kings County Sheriff's Office,Firearm
Male,Asian/Pacific Islander,CA,Gunshot,Murrieta Police Department,Vehicle
Male,White,AL,Gunshot,Shelby County Sheriff's Office,Other
Female,White,AL,Struck by vehicle,Wetumpka Police Department,No
Male,White,KY,Gunshot,Kentucky State Police,Firearm
Male,Black,CO,Gunshot,"Colorado Springs Police Department, El Paso County Sheriff's Office",Firearm
Male,White,MN,Gunshot,Rochester Police Department,Non-lethal firearm
Male,Black,MO,Gunshot,St Louis County Police Department,Firearm
Male,White,CA,Death in custody,Modesto Police Department,No
Male,Black,AR,Gunshot,Little Rock Police Department,Firearm
Male,White,MD,Gunshot,Maryland State Police,Non-lethal firearm
Female,White,MD,Gunshot,Maryland State Police,Non-lethal firearm
Male,White,CA,Gunshot,Lincoln Police Department,Knife
Male,Black,TX,Gunshot,Carrollton Police Department,Firearm
Male,White,OK,Gunshot,Bartlesville Police Department,No
Male,White,MT,Gunshot,Billings Police Department,Firearm
Male,Black,TX,Gunshot,San Antonio Police Department,Firearm
Male,Hispanic/Latino,GA,Gunshot,Georgia State Patrol,No
Male,Black,CA,Gunshot,California Highway Patrol,Firearm
Male,White,MN,Gunshot,Stevens County Sheriff's Office,Firearm
Male,Asian/Pacific Islander,OH,Gunshot,North Royalton Police Department,Knife
Male,White,AZ,Gunshot,Mohave County Sheriff劌製 Office,Vehicle
Male,Black,MA,Gunshot,Boston Police Department,Disputed
Male,Hispanic/Latino,TX,Gunshot,Corpus Christi Police Department,Firearm
Male,Native American,OK,Gunshot,Oklahoma Highway Patrol,Firearm
Male,Hispanic/Latino,CA,Gunshot,Los Angeles County Sheriff's Department,Knife
Female,Black,CA,Gunshot,Torrance Police Department,Vehicle
Male,White,CA,Gunshot,Fresno County Sheriff's Office,Unknown
Female,White,OH,Gunshot,Brookville Police Department,Unknown
Male,White,NV,Gunshot,Nevada Highway Patrol,Firearm
Male,Black,CA,Gunshot,San Joaquin County Sheriff's Office,Firearm
Male,White,OK,Death in custody,Enid Police Department,No
Male,White,UT,Gunshot,West Jordan Police Department,Firearm
Male,White,LA,Gunshot,Terrebonne Parish Sheriff's Office,Firearm
Male,Unknown,NY,Taser,New York Police Department,Other
Male,Black,NC,Gunshot,Salisbury Police Department,Firearm
Male,Unknown,PA,Gunshot,Chambersburg Police Department,Knife
Female,White,GA,Gunshot,Walton County Sheriff's Office,Firearm
Male,Unknown,NY,Gunshot,New York Police Department,Firearm
Male,Hispanic/Latino,CA,Gunshot,Palm Springs Police Department,No
Male,White,WA,Gunshot,"Forks Police Department, Clallam County Sheriff's Office",Firearm
Male,White,TX,Gunshot,Gladewater Police Department,Unknown
Male,White,OK,Gunshot,Okfuskee County Sheriff's Office,Vehicle
Male,Black,IL,Gunshot,Chicago Police Department,Firearm
Male,White,FL,Gunshot,Pinellas County Sheriff's Office,Knife
Male,White,WV,Gunshot,Kanawha County Sheriff's Office,Firearm
Male,White,KY,Gunshot,Butler County Sheriff's Office,Unknown
Male,White,AL,Gunshot,Columbus Police Department,Unknown
Male,White,NJ,Gunshot,New Jersey State Police,Other
Male,White,SC,Gunshot,Aiken County Sheriff's Office,Firearm
Male,Hispanic/Latino,CA,Gunshot,Santa Ana Police Department,Unknown
Male,White,WV,Gunshot,West Virginia State Police,Other
Male,Black,PA,Gunshot,Philadelphia Police Department,Firearm
Male,White,KS,Gunshot,Ellis County Sheriff's Office,No
Male,Unknown,CO,Gunshot,"Denver Police Department, Aurora Police Department",Firearm
Male,Hispanic/Latino,CA,Gunshot,Azusa Police Department,Firearm
Male,White,OH,Gunshot,Unknown,No
Male,Black,NC,Taser,Henderson County Sheriff's Office,No
Male,White,AZ,Gunshot,Arizona Department of Public Safety,Firearm
Male,Hispanic/Latino,TX,Gunshot,San Angelo Police Department,Firearm
Male,White,FL,Gunshot,Polk County Sheriff's Office,Firearm
Male,White,CO,Gunshot,Grand Junction Police Department,Unknown
Male,Black,GA,Gunshot,East Point Police Department,Unknown
Male,White,CO,Gunshot,Montrose County Sheriff's Office,Unknown
Female,White,NC,Gunshot,Granville County Sheriff's Office,No
Male,Hispanic/Latino,ID,Gunshot,Boise Police Department,Firearm
Male,White,AK,Gunshot,Anchorage Police Department,Firearm
Male,Hispanic/Latino,AZ,Gunshot,Sahuarita Police Department,Firearm
Male,White,GA,Death in custody,McDonough Police Department,No
Male,Hispanic/Latino,OK,Gunshot,Oklahoma City Police Department,Firearm
Male,Hispanic/Latino,CA,Gunshot,San Diego Police Department,Firearm
Male,White,SC,Death in custody,Charleston County Sheriff's Office,Other
Male,White,PA,Gunshot,Scott Township Police Department,Other
Male,White,IN,Struck by vehicle,Lawrence Police Department,No
Female,White,IN,Struck by vehicle,Lawrence Police Department,No
Male,Unknown,CA,Gunshot,Riverside County Sheriff's Department,Knife
Male,Black,PA,Gunshot,Pennsylvania State Police,Vehicle
Male,White,TX,Gunshot,Unknown,Firearm
Male,Unknown,CA,Gunshot,Whittier Police Department,Other
Male,White,CA,Gunshot,Redding Police Department,Firearm
Male,White,MO,Taser,Buchanan County Sheriff劌製 Office,No
Male,White,FL,Gunshot,Okaloosa County Sheriff's Office,Other
Male,Black,GA,Gunshot,United States Marshals Service,Firearm
Male,Black,FL,Gunshot,Port St Lucie Police Department,Other
Male,Unknown,AZ,Gunshot,Casa Grande Police Department,Other
Male,Black,IL,Gunshot,Chicago Police Department,Firearm
Male,Unknown,OK,Gunshot,Chickasha Police Department,Firearm
Male,Asian/Pacific Islander,CA,Gunshot,Santa Cruz County Sheriff's Office,Knife
Male,Black,NY,Gunshot,New York Police Department,Other
Male,Hispanic/Latino,CA,Gunshot,Anaheim Police Department,Unknown
Male,Hispanic/Latino,TX,Gunshot,San Antonio Police Department,Firearm
Male,White,MO,Gunshot,Gladstone Department of Public Safety,Firearm
Male,Black,MO,Gunshot,St Louis Metropolitan Police Department,Firearm
Male,White,CA,Gunshot,Lompoc Police Department,Knife
Female,White,CA,Gunshot,South Gate Police Department,No
Female,White,WA,Death in custody,Hoquiam Police Department,No
Male,Black,TX,Gunshot,Jefferson County Sheriff's Office,Firearm
Male,Hispanic/Latino,CA,Gunshot,Los Angeles County Sheriff's Department,Firearm
Male,Black,NC,Gunshot,Durham Police Department,Unknown
Male,Black,NJ,Gunshot,Newark Police Department,Firearm
Male,Unknown,TX,Gunshot,Montgomery County Sheriff's Office,Firearm
Male,White,AK,Gunshot,Anchorage Police Department,Firearm
Male,White,FL,Gunshot,Pinellas County Sheriff's Office,Knife
Male,White,MI,Gunshot,Ottawa County Sheriff's Office,Knife
Male,Black,IL,Gunshot,Chicago Police Department,No
Male,Unknown,TN,Gunshot,Jackson Police Department,Knife
Male,Black,IL,Gunshot,Chicago Police Department,Firearm
Male,Hispanic/Latino,AZ,Gunshot,South Tucson Police Department,Unknown
Male,Black,MS,Gunshot,Hattiesburg Police Department,Firearm
Male,Hispanic/Latino,AZ,Gunshot,Surprise Police Department,Unknown
Male,White,ME,Gunshot,Cumberland County Sheriff's Office,Firearm
Male,Black,LA,Gunshot,Unknown,Firearm
Male,White,KS,Gunshot,Olathe Police Department,Other
Male,Black,IL,Gunshot,Chicago Police Department,Firearm
Male,Black,OH,Gunshot,Ohio State University Police Division,Knife
Male,Hispanic/Latino,CA,Gunshot,Los Angeles Police Department,Unknown
Male,Black,NC,Gunshot,Catawba County Sheriff's Office,Disputed
Male,Black,IL,Gunshot,Washington Park Police Department,Vehicle
Male,White,MA,Gunshot,Lynn Police Department,Unknown
Male,White,SC,Gunshot,Anderson County Sheriff's Office,Unknown
Male,White,IN,Gunshot,Hendricks County Sheriff's Office,Knife
Male,White,TX,Gunshot,Friendswood Police Department,Other
Male,Black,MO,Gunshot,Kansas City Police Department,Firearm
Male,Hispanic/Latino,CA,Death in custody,Elk Grove Police Department,No
Male,Black,WA,Gunshot,Pierce County Sheriff's Department,Unknown
Male,Hispanic/Latino,AZ,Gunshot,Tucson Police Department,Firearm
Male,White,AR,Gunshot,Pope County Sheriff's Office,Firearm
Male,White,KY,Gunshot,Shelby County Sheriff's Office,Other
Male,White,AL,Gunshot,Tuscumbia Police Department,Firearm
Male,White,NM,Gunshot,Las Cruces Police Department,Unknown
Male,White,AR,Gunshot,Benton Police Department,Firearm
Male,Hispanic/Latino,LA,Gunshot,Jefferson Parish Sheriff's Office,Firearm
Male,Black,IN,Gunshot,Elkhart Police Department,Unknown
Male,Arab-American,OH,Gunshot,Hudson Police Department,No
Male,White,FL,Gunshot,Orange City Police Department,Firearm
Male,White,OR,Gunshot,Portland Police Bureau,Firearm
Male,White,KS,Gunshot,Hutchinson Police Department,Firearm
Male,White,FL,Gunshot,Lake County Sheriff's Office,Other
Male,White,AL,Gunshot,Florence Police Department,Firearm
Male,White,IA,Gunshot,Sioux City Police Department,Unknown
Male,White,PA,Gunshot,Pennsylvania State Police,Knife
Male,White,TX,Gunshot,Allen Police Department,Firearm
Male,White,PA,Gunshot,Forks Township Police Department,Firearm
Male,White,NC,Gunshot,Leland Police Department,Firearm
Male,Asian/Pacific Islander,HI,Gunshot,Hawaii Police Department,Vehicle
Male,White,TN,Gunshot,Monroe County Sheriff's Office,Vehicle
Male,White,IN,Gunshot,Greenwood Police Department,Knife
Male,Black,SC,Gunshot,Sumter Police Department,Firearm
Male,White,NE,Gunshot,York Police Department,Knife
Male,White,WV,Gunshot,Unknown,Vehicle
Male,White,KS,Gunshot,Medicine Lodge Police Department,Firearm
Female,White,AZ,Gunshot,Bullhead City Police Department,Non-lethal firearm
Male,Hispanic/Latino,TX,Gunshot,Laredo Police Department,Knife
Male,Hispanic/Latino,CA,Gunshot,Bakersfield Police Department,No
Male,White,GA,Gunshot,"Byron Police Department, Peach County Drug Taskforce",Firearm
Male,Unknown,PA,Gunshot,United States Marshals Service,Firearm
Male,Black,GA,Gunshot,Henry County Police Department,Firearm
Male,Black,MD,Gunshot,Coppin State Police Department,Firearm
Male,White,CA,Gunshot,Los Angeles County Sheriff's Department,Firearm
Male,Black,NC,Taser,"Badin Police Department, Stanly County Sheriff's Office",No
Male,White,OR,Gunshot,Dallas Police Department,Firearm
Male,Native American,WA,Gunshot,Lynnwood Police Department,Unknown
Male,White,TN,Gunshot,Shelby County Sheriff's Office,Knife
Male,Hispanic/Latino,CA,Gunshot,Los Angeles County Sheriff's Department,Firearm
Male,White,OK,Gunshot,Tulsa Police Department,Firearm
Male,White,WA,Gunshot,Clark County Sheriff's Office,Firearm
Male,Black,CA,Gunshot,Los Angeles Police Department,Firearm
Male,White,NC,Gunshot,Caldwell County Sheriff's Office,Unknown
Male,Unknown,CA,Gunshot,Brawley Police Department,Knife
Male,Unknown,TX,Gunshot,Pharr Police Department,Knife
Male,Unknown,CA,Gunshot,Hemet Police Department,Firearm
Male,White,WV,Gunshot,Harrison County Sheriff's Office,Non-lethal firearm
Male,Hispanic/Latino,OK,Gunshot,Ponca City Police Department,Other
Male,White,OK,Gunshot,Elk City Police Department,Firearm
Male,White,IN,Gunshot,"Knox City Police Department, Starke County Sheriff's Office",Vehicle
Male,White,AR,Gunshot,Washington County Sheriff's Office,Firearm
Male,White,AL,Gunshot,Saraland Police Department,Firearm
Male,Black,CA,Gunshot,Fresno County Sheriff's Office,Firearm
Male,Hispanic/Latino,CA,Gunshot,San Joaquin County Sheriff's Office,Knife
Male,Hispanic/Latino,NV,Gunshot,Reno Police Department,Unknown
Male,Black,MD,Gunshot,Prince George's County Police Department,Firearm
Male,Unknown,FL,Gunshot,Pinellas County Sheriff's Office,Other
Male,Hispanic/Latino,CA,Gunshot,El Monte Police Department,No
Male,White,OR,Gunshot,Bend Police Department,Unknown
Male,Unknown,AL,Gunshot,Gadsden Police Department,Firearm
Female,White,FL,Gunshot,Polk County Sheriff's Office,Knife
Male,Asian/Pacific Islander,CA,Gunshot,Los Angeles County Sheriff's Department,Other
Male,White,TX,Death in custody,Parker County Sheriff's Office,No
Male,White,FL,Gunshot,Clay County Sheriff's Office,Firearm
Male,Black,DC,Gunshot,Washington Metropolitan Police Department,Knife
Male,Unknown,AR,Gunshot,Unknown,Firearm
Male,White,OR,Gunshot,Oregon State Police,Firearm
Male,White,CA,Gunshot,Nevada County Sheriff劌製 Office,Firearm
Female,White,TX,Gunshot,Brazoria County Sheriff's Office,Firearm
Male,Hispanic/Latino,IL,Gunshot,North Riverside Police Department,Knife
Male,White,TX,Gunshot,Texas Department of Public Safety,Firearm
Male,White,KY,Gunshot,Kentucky Department of Corrections,Other
Male,Native American,SD,Gunshot,Oglala Sioux Tribe Department of Public Safety,Firearm
Male,White,TN,Gunshot,Spring Hill Police Department,Unknown
Male,White,FL,Taser,Pasco County Sheriff's Office,No
Male,Black,MD,Gunshot,Queen Anne's County Sheriff's Office,Firearm
Male,White,AZ,Gunshot,Phoenix Police Department,Knife
Male,Black,FL,Gunshot,Miami-Dade Police Department,Disputed
Male,White,FL,Gunshot,Palm Beach County Sheriff's Office,Knife
Male,White,PA,Gunshot,Pennsylvania State Police,Unknown
Male,White,FL,Gunshot,Escambia County Sheriff's Office,Firearm
Male,White,MN,Gunshot,Mankato Department of Public Safety,No